UserID,Name,Email,PhoneNumber,Login,Password
1,Nicholas Wood,nicholaswood@gmail.com,3242299742,nicholaswood,k5ZBs0Eq
2,Debra Bartlett,debrabartlett@gmail.com,1016220934,debrabartlett,b1LIs89z
3,Phillip Smith,phillipsmith@gmail.com,2224583038,phillipsmith,LX7IWXom
4,Christopher Robertson,christopherrobertson@gmail.com,1312187750,christopherrobertson,T01PpOYq
5,Keith Webb,keithwebb@gmail.com,5716478578,keithwebb,2A4X0BNx
6,Vincent Martin,vincentmartin@gmail.com,3371108527,vincentmartin,H24R1dsd
7,Charles Harris,charlesharris@gmail.com,3754819416,charlesharris,19Fb1Pwa
8,Earl Blair,earlblair@gmail.com,6348152342,earlblair,Xp6OrSci
9,James Watson,jameswatson@gmail.com,7278750043,jameswatson,O0WxfjXI
10,Kathleen Clark,kathleenclark@gmail.com,6891561318,kathleenclark,vDQe3mYa
